Month,Day,Time_Short,Time,Meeting No,Lorem Ipsum,transform
4,20,0810,08:00-10:00,Meeting 1,Lorem Ipsum 1,480
4,21,1214,12:00-14:00,Meeting 2,Lorem Ipsum 2,720
4,22,2022,20:00-22:00,Meeting 3,Lorem Ipsum 3,1200
4,23,1012,10:00-12:00,Meeting 4,Lorem Ipsum 4,600
4,24,1820,18:00-20:00,Meeting 5,Lorem Ipsum 5,1080
4,25,1315,13:00-15:00,Meeting 6,Lorem Ipsum 6,780
4,26,1820,18:00-20:00,Meeting 7,Lorem Ipsum 7,1080
4,27,1012,10:00-12:00,Meeting 8,Lorem Ipsum 8,600
4,28,0810,08:00-10:00,Meeting 9,Lorem Ipsum 9,480
4,29,0002,00:00-02:00,Meeting 10,Lorem Ipsum 10,0
4,30,1416,14:00-16:00,Meeting 11,Lorem Ipsum 11,840
5,1,1620,16:00-20:00,Meeting 12,Lorem Ipsum 12,960
5,2,1416,14:00-16:00,Meeting 13,Lorem Ipsum 13,840
5,3,2022,20:00-12:00,Meeting 14,Lorem Ipsum 14,1200
